smiles,right_block,photo_block,catalytic_block,inhibitor_block
[H]OC1=C([H])C([H])=C([N+](=O)[O-])C([H])=C1C1=C([H])C([H])=C(C([H])=NC2=NC([H])=C([H])C([H])=C2[H])C([H])=C1N=NC1=C([H])C([H])=C(C2([H])C([H])([H])C([H])([H])C([H])([H])C([H])([H])C2([H])N([H])C(=S)N([H])N([H])C(=S)N([H])C([H])(C2=C([H])C([H])=C([H])C([H])=C2[H])C([H])([H])[H])C([H])=C1[H],C[C@H](NC(=S)N[*:2])c1ccccc1,[H]/C(=N\c1nc([H])c([H])c([H])c1[H])c1c([H])c([H])c(Br)c(/N=N\c2c([H])c([H])c(Br)c([H])c2[H])c1[H],S=C(N[C@@H]1CCCC[C@H]1[*:2])N[*:1],O=[N+]([O-])c1ccc(O)c([*:2])c1
[H]C1=C([H])C([H])=C(C(C2=C([H])C([H])=C([H])C([H])=C2[H])(C2=C([H])C([H])=C([H])C([H])=C2[H])N([H])C(=O)N([H])C(C2=C([H])C([H])=C([H])C([H])=C2[H])(C2=C([H])C([H])=C([H])C([H])=C2[H])C2=C([H])C([H])=C(N=NC3=C([H])C([H])=C(N4C([H])([H])C([H])([H])OC([H])([H])C4([H])[H])C([H])=C3N([N+](=O)[O-])C([H])([H])[H])C([H])=C2[H])C([H])=C1[H],c1ccc([*:2])cc1,[H]c1c([H])c(/N=N\c2c([H])c([H])c(N3C([H])([H])C([H])([H])OC([H])([H])C3([H])[H])c([H])c2Br)c([H])c([H])c1Br,O=C(NC(c1ccccc1)(c1ccccc1)[*:1])NC(c1ccccc1)(c1ccccc1)[*:2],CN([N+](=O)[O-])[*:2]
[H]OC1=C([H])C([H])=C([N+](=O)[O-])C([H])=C1C#CC1=C([H])C([H])=C([H])C([H])=C1C1=C([H])C([H])=C(C([H])=NC2=C([H])C([H])=C([H])C([H])=C2[H])C([H])=C1N=NC1=C([H])C([H])=C(N([H])C(=S)N([H])C2([H])C([H])([H])C([H])(C([H])([H])OC(=O)C([H])([H])[H])C([H])(OC(=O)C([H])([H])[H])C([H])(OC(=O)C3([H])C([H])([H])C([H])([H])C([H])([H])C([H])([H])C3([H])N([H])[H])C2([H])OC(=O)C([H])([H])[H])C([H])=C1[H],N[C@@H]1CCCC[C@H]1[*:2],[H]/C(=N\c1c([H])c([H])c([H])c([H])c1[H])c1c([H])c([H])c(Br)c(/N=N\c2c([H])c([H])c(Br)c([H])c2[H])c1[H],CC(=O)OC[C@H]1C[C@@H](NC(=S)N[*:2])[C@H](OC(C)=O)[C@@H](OC(=O)[*:1])[C@@H]1OC(C)=O,O=[N+]([O-])c1ccc(O)c(C#Cc2ccccc2[*:2])c1
[H]C(=NC1=C([H])C([H])=C([H])C([H])=C1C1=C([H])C2=NC([H])=C([H])C([H])=C2C(N=NC2=NC([H])=C(C3([H])C([H])([H])C([H])([H])C([H])([H])C([H])([H])C3([H])N([H])C(=S)N([H])C3=C([H])C(C(F)(F)N([H])C(=S)N([H])C4=C([H])C(C(F)(F)F)=C([H])C(C(F)(F)F)=C4[H])=C([H])C(C(F)(F)F)=C3[H])S2)=C1[H])C1=C([H])C([H])=C([N+](=O)[O-])C([H])=C1[N+](=O)[O-],FC(F)(F)c1cc(NC(=S)N[*:2])cc(C(F)(F)F)c1,[H]c1nc(/N=N\c2c([H])c(Br)c([H])c3nc([H])c([H])c([H])c23)sc1Br,FC(F)(F)c1cc(NC(=S)N[C@@H]2CCCC[C@@H]2[*:2])cc(C(F)(F)[*:1])c1,O=[N+]([O-])c1ccc(C=Nc2ccccc2[*:2])c([N+](=O)[O-])c1
[H]C(=NC1=C([H])C([H])=C([H])C([H])=C1[H])C1=C([H])C(N=NC2=C([H])C([H])=C([H])C([H])=C2C2=C([H])C([H])=C([H])C([H])=C2[N+](=O)[O-])=C([H])C([H])=C1C(N([H])C(=S)N([H])C(=O)C1=C([H])C([H])=C(Cl)C([H])=C1[H])(C([H])([H])[H])C([H])([H])[H],Clc1ccc([*:2])cc1,[H]/C(=N\c1c([H])c([H])c([H])c([H])c1[H])c1c([H])c(/N=N\c2c([H])c([H])c([H])c([H])c2Br)c([H])c([H])c1Br,CC(C)(NC(=S)NC(=O)[*:2])[*:1],O=[N+]([O-])c1ccccc1[*:2]
[H]C(=NC1=C([H])C([H])=C([H])C([H])=C1C1=C([H])C([H])=C([N+](=O)[O-])C([H])=N1)C1=C([H])C([H])=C([H])C(N=NC2=C([H])C([H])=C([H])C([H])=C2C([H])([H])C([H])(N([H])C(=O)N([H])C([H])([H])C([H])([H])C2=C([H])N([H])C([H])=N2)C([H])([H])[H])=C1[H],c1nc(CC[*:2])c[nH]1,[H]/C(=N\c1c([H])c([H])c([H])c([H])c1Br)c1c([H])c([H])c([H])c(/N=N\c2c([H])c([H])c([H])c([H])c2Br)c1[H],C[C@@H](C[*:1])NC(=O)N[*:2],O=[N+]([O-])c1ccc([*:2])nc1
[H]C1=NC2=C(C3=C([H])C([N+](=O)[O-])=C([H])C([H])=C3[H])C([H])=C([H])C(N=NC3=NC(C4=C([H])C([H])=C([H])C([H])=C4[H])=C(C([H])([H])N([H])C(=S)N([H])C4=C([H])C([H])=C([H])C5=C([H])C([H])=C(C6=C([H])C([H])=C7C([H])=C([H])C([H])=C(N([H])C(=S)N([H])C([H])([H])C([H])([H])C([H])([H])C([H])([H])[H])C7=C6[H])C([H])=C54)S3)=C2C([H])=C1[H],CCCC[*:2],[H]c1nc2c(Br)c([H])c([H])c(/N=N\c3nc(-c4c([H])c([H])c([H])c([H])c4[H])c(Br)s3)c2c([H])c1[H],S=C(NC[*:1])Nc1cccc2ccc(-c3ccc4cccc(NC(=S)N[*:2])c4c3)cc12,O=[N+]([O-])c1cccc([*:2])c1
[H]C1=C([H])C(C([H])([H])C([H])([H])N([H])C(=S)N([H])C(=O)OC([H])([H])C([H])([H])N([H])C(=S)N([H])C(=O)OC([H])([H])C([H])(C([H])([H])[H])C([H])([H])[H])=C([H])C([H])=C1N=NC1=C([H])N([H])C(C([H])([H])N([N+](=O)[O-])C([H])([H])[H])=C1[H],CC(C)COC(=O)NC(=S)NC[*:2],[H]c1c([H])c(/N=N\c2c([H])c(Br)n([H])c2[H])c([H])c([H])c1Br,O=C(NC(=S)NCC[*:2])OC[*:1],CN(C[*:2])[N+](=O)[O-]
[H]C1=NC2=C([H])C([H])=C([H])C(N=NC3=NC4=C(C5=C([H])C([N+](=O)[O-])=C([H])C([H])=C5Cl)C([H])=C([H])C([H])=C4N3[H])=C2C([H])=C1C([H])([H])C([H])([H])C([H])([H])C([H])([H])C([H])([H])N([H])C(=O)N([H])C1=C([H])C(C(F)(F)F)=C([H])C2=C1N([H])C(C([H])([H])C([H])([H])C([H])([H])C([H])([H])[H])=C2[H],CC[*:2],[H]c1nc2c([H])c([H])c([H])c(/N=N\c3nc4c(Br)c([H])c([H])c([H])c4n3[H])c2c([H])c1Br,O=C(NCCCCC[*:1])Nc1cc(C(F)(F)F)cc2cc(CC[*:2])[nH]c12,O=[N+]([O-])c1ccc(Cl)c([*:2])c1
[H]C1=NC2=C([H])C([H])=C([H])C(N=NC3=C([H])C([H])=C(C4=C([H])C([H])=C([N+](=O)[O-])C([H])=C4Cl)C([H])=C3[H])=C2C([H])=C1C1=C([H])C(N([H])C(=O)N([H])C2([H])C([H])([H])C([H])(C(=O)OC([H])([H])[H])OC2([H])C([H])([H])OC([H])([H])[H])=C([H])C([H])=C1[H],COC[*:2],[H]c1nc2c([H])c([H])c([H])c(/N=N\c3c([H])c([H])c(Br)c([H])c3[H])c2c([H])c1Br,COC(=O)[C@H]1C[C@H](NC(=O)Nc2cccc([*:1])c2)[C@H]([*:2])O1,O=[N+]([O-])c1ccc([*:2])c(Cl)c1
[H]C1=C([H])C([H])=C2C([H])=C3C(=C([H])C2=C1[H])C([H])=C([H])C(N([H])C(=O)N([H])C([H])([H])C([H])([H])C([H])([H])C([H])([H])[H])=C3N([H])C(=O)N([H])C([H])([H])C1=C([H])N([H])N=C1N=NC1=C([H])C([H])=C([H])C(C2=C([H])C([N+](=O)[O-])=C([H])C([H])=C2N([H])C2([H])C([H])([H])C([H])([H])C([H])([H])C([H])([H])C2([H])[H])=C1[H],CCCCNC(=O)N[*:2],[H]c1c([H])c(Br)c([H])c(/N=N\c2nn([H])c([H])c2Br)c1[H],O=C(NC[*:1])Nc1c([*:2])ccc2cc3ccccc3cc12,O=[N+]([O-])c1ccc(NC2CCCCC2)c([*:2])c1
[H]C1=C([H])C(C([H])(C([H])([H])[H])C([H])(C(=O)OC([H])([H])[H])N([H])S(=O)(=O)N([H])C([H])(C(=O)OC([H])([H])C([H])([H])[H])C([H])(C([H])([H])[H])C([H])([H])C([H])([H])[H])=C(N=NC2=C([H])C([H])=C([H])C([N+](=O)[O-])=C2[H])S1,CC[*:2],[H]c1sc(/N=N\c2c([H])c([H])c([H])c(Br)c2[H])c(Br)c1[H],CC[C@H](C)[C@H](NS(=O)(=O)N[C@H](C(=O)OC)[C@@H](C)[*:2])C(=O)O[*:1],O=[N+]([O-])[*:2]
[H]OC1=C([H])C([H])=C([N+](=O)[O-])C([H])=C1C#CC1=C([H])C([H])=C([H])C([H])=C1C1=C([H])C([H])=C([H])C([H])=C1N=NC1=C([H])C([H])=C(N2C(=O)C([H])=C([H])C2=O)C([H])=C1C1=C([H])C([H])=C([H])C([H])=C1N([H])C(=O)N([H])C1=C([H])C([H])=C([H])C([H])=C1OC([H])([H])[H],COc1ccccc1[*:2],[H]C1=C([H])C(=O)N(c2c([H])c([H])c(/N=N\c3c([H])c([H])c([H])c([H])c3Br)c(Br)c2[H])C1=O,O=C(Nc1ccccc1[*:1])N[*:2],O=[N+]([O-])c1ccc(O)c(C#Cc2ccccc2[*:2])c1
[H]C1=NC(C2=C([H])C([N+](=O)[O-])=C([H])C([H])=C2Cl)=C([H])C([H])=C1N=NC1=C([H])ON=C1C([H])([H])N([H])C(=O)N([H])C1=NC(=O)C([H])=C(C([H])([H])[H])N1[H],Cc1cc(=O)nc([*:2])[nH]1,[H]c1nc(Br)c([H])c([H])c1/N=N\c1c(Br)noc1[H],O=C(NC[*:1])N[*:2],O=[N+]([O-])c1ccc(Cl)c([*:2])c1
[H]C1=C([H])C(N([H])C(=S)N([H])C2([H])C([H])([H])C([H])([H])C([H])([H])C([H])([H])C2([H])N(C2=C([H])C([H])=C(N=NC3=C([H])C([H])=C(N4C([H])([H])C([H])([H])C([H])([H])C([H])([H])C4([H])[H])C([H])=C3N([N+](=O)[O-])C([H])([H])[H])C([H])=C2[H])C([H])([H])[H])=C([H])C(Cl)=C1[H],Clc1cccc([*:2])c1,[H]c1c([H])c(/N=N\c2c([H])c([H])c(N3C([H])([H])C([H])([H])C([H])([H])C([H])([H])C3([H])[H])c([H])c2Br)c([H])c([H])c1Br,CN([C@@H]1CCCC[C@H]1NC(=S)N[*:2])[*:1],CN([N+](=O)[O-])[*:2]
[H]C1=NN([H])C(C2=C([H])C([H])=C([N+](=O)[O-])C([H])=C2OC([H])([H])[H])=C1N=NC1=C([H])C([H])=C([H])C(C2=C([H])C(N([H])C(=O)N([H])C3=C([H])C([H])=C([H])C(OC([H])([H])[H])=C3[H])=C([H])C([H])=C2[H])=C1[H],CO[*:2],[H]c1nn([H])c(Br)c1/N=N\c1c([H])c([H])c([H])c(Br)c1[H],O=C(Nc1cccc([*:1])c1)Nc1cccc([*:2])c1,COc1cc([N+](=O)[O-])ccc1[*:2]
[H]C(=NC1=C([H])C([H])=C(C2=C([H])C([N+](=O)[O-])=C([H])C([H])=C2Cl)C([H])=C1[H])C1=C([H])C([H])=C([H])C(N=NC2=C([H])C([H])=C(C3=C([H])C([H])=C4C([H])=C([H])C([H])=C(N([H])C(=S)N([H])C5=C([H])C([H])=C6C([H])=C([H])C([H])=C(N([H])C(=S)N([H])C([H])([H])C([H])([H])C([H])([H])C([H])([H])[H])C6=C5[H])C4=C3[H])C([H])=C2[H])=C1[H],CCCCNC(=S)Nc1cccc2ccc([*:2])cc12,[H]/C(=N\c1c([H])c([H])c(Br)c([H])c1[H])c1c([H])c([H])c([H])c(/N=N\c2c([H])c([H])c(Br)c([H])c2[H])c1[H],S=C(Nc1cccc2ccc([*:2])cc12)N[*:1],O=[N+]([O-])c1ccc(Cl)c([*:2])c1
[H]C1=C(N=NC2=C([H])C([H])=C([H])C(C(=O)N([H])C(=S)N([H])C3=C([H])C([H])=C([H])C(C4=C([H])C(Cl)=C([H])C([H])=C4[H])=C3[H])=C2[H])C(C2=C([H])C([H])=C([N+](=O)[O-])C([H])=C2[H])=NO1,Clc1cccc([*:2])c1,[H]c1onc(Br)c1/N=N\c1c([H])c([H])c([H])c(Br)c1[H],O=C(NC(=S)Nc1cccc([*:1])c1)[*:2],O=[N+]([O-])c1ccc([*:2])cc1
[H]C1=NN(C2=C([H])C([H])=C(OC([H])([H])[H])C([H])=C2[N+](=O)[O-])C(N=NC2=C([H])C([H])=C([H])C(P(C3=C([H])C([H])=C([H])C([H])=C3[H])C3([H])C([H])([H])C([H])([H])C([H])([H])C([H])([H])C3([H])N([H])C(=S)N([H])C3=C([H])C(C(F)(F)C4=C([H])C([H])=C([H])C([H])=C4[H])=C([H])C(C(F)(F)F)=C3[H])=C2[H])=C1[H],c1ccc([*:2])cc1,[H]c1nn(Br)c(/N=N\c2c([H])c([H])c([H])c(Br)c2[H])c1[H],FC(F)(F)c1cc(NC(=S)N[C@@H]2CCCC[C@H]2P(c2ccccc2)[*:2])cc(C(F)(F)[*:1])c1,COc1ccc([*:2])c([N+](=O)[O-])c1
[H]OC1=NC(N([H])C(=O)N([H])C2=C([H])C([H])=C([H])C([H])=C2N=NC2=C([H])C([H])=C(N3C([H])([H])C([H])([H])C([H])([H])C([H])([H])C3([H])[H])C(C3=C([H])C([H])=C([N+](=O)[O-])C([H])=C3[H])=C2[H])=NC(N(C([H])([H])C([H])([H])C([H])([H])C([H])([H])[H])C([H])([H])C([H])([H])C([H])([H])C([H])([H])[H])=C1[H],CCCCN(CCCC)c1cc(O)nc([*:2])n1,[H]c1c([H])c([H])c(/N=N\c2c([H])c([H])c(N3C([H])([H])C([H])([H])C([H])([H])C([H])([H])C3([H])[H])c(Br)c2[H])c(Br)c1[H],O=C(N[*:1])N[*:2],O=[N+]([O-])c1ccc([*:2])cc1
[H]C1=C([N+](=O)[O-])SC(C2=C([H])C(N=NC3=C([H])C([H])=C([H])N3C3=C([H])C(C([H])([H])[H])=C([H])C(N([H])C(=O)N([H])C(=O)C4=C([H])N(C([H])([H])[H])N=C4C([H])(F)F)=C3[H])=C([H])C([H])=C2[H])=N1,C[*:2],[H]c1c([H])c(Br)c([H])c(/N=N\c2c([H])c([H])c([H])n2Br)c1[H],Cn1cc(C(=O)NC(=O)Nc2cc([*:1])cc([*:2])c2)c(C(F)F)n1,O=[N+]([O-])c1cnc([*:2])s1
[H]C1=NC2=C(C3=C([H])C([N+](=O)[O-])=C([H])C([H])=C3N([H])C3([H])C([H])([H])C([H])([H])C([H])([H])C([H])([H])C3([H])[H])C([H])=C([H])C(N=NC3=C([H])C([H])=C([H])C([H])=C3C(N([H])C(=O)N([H])C3=NC4=NC(N([H])[H])=NC([H])=C4C([H])=C3C3=C(Cl)C([H])=C([H])C([H])=C3Cl)(C([H])([H])[H])C([H])([H])[H])=C2C([H])=C1[H],N[*:2],[H]c1nc2c(Br)c([H])c([H])c(/N=N\c3c([H])c([H])c([H])c([H])c3Br)c2c([H])c1[H],CC(C)(NC(=O)Nc1nc2nc([*:2])ncc2cc1-c1c(Cl)cccc1Cl)[*:1],O=[N+]([O-])c1ccc(NC2CCCCC2)c([*:2])c1
[H]C1=NC2=C([H])C([H])=C(N([N+](=O)[O-])C([H])([H])[H])C(N=NC3=NC(C4=C([H])C([H])=C([H])C([H])=C4C([H])(N([H])C(=O)N([H])C([H])(C(=O)OC([H])([H])[H])C([H])([H])C4=C([H])C([H])=C([H])C([H])=C4[H])C([H])([H])C([H])(N([H])C(=O)C4([H])N(C(=O)OC(C([H])([H])[H])(C([H])([H])[H])C([H])([H])[H])C([H])([H])C([H])([H])C4([H])[H])C([H])([H])[H])=C([H])S3)=C2C([H])=C1[H],CC(C)(C)OC(=O)N1CCC[C@H]1C(=O)N[*:2],[H]c1nc2c([H])c([H])c(Br)c(/N=N\c3nc(-c4c([H])c([H])c([H])c([H])c4Br)c([H])s3)c2c([H])c1[H],COC(=O)[C@H](Cc1ccccc1)NC(=O)N[C@H](CC(C)[*:1])[*:2],CN([N+](=O)[O-])[*:2]
[H]C1=NOC(C2=NC([H])=C([N+](=O)[O-])S2)=C1N=NC1=C([H])C([H])=C([H])C2=C([H])C([H])=C(C([H])(N([H])C(=O)N([H])C(=O)C3([H])SC(N([H])[H])=C(C#N)C3([H])C3=C([H])C([H])=C(OC([H])([H])[H])C([H])=C3[H])C([H])([H])C3=C([H])C([H])=C([H])C([H])=C3[H])C([H])=C12,CO[*:2],[H]c1noc(Br)c1/N=N\c1c([H])c([H])c([H])c2c([H])c([H])c(Br)c([H])c12,N#CC1=C(N)S[C@H](C(=O)NC(=O)N[C@@H](Cc2ccccc2)[*:1])[C@H]1c1ccc([*:2])cc1,O=[N+]([O-])c1cnc([*:2])s1
[H]C1=C(C2=C([H])C([H])=C([H])C([H])=C2C(C2=C([H])C([H])=C([H])C([H])=C2[H])(C2=C([H])C([H])=C([H])C([H])=C2[H])N([H])C(=S)N([H])C([H])(C([H])([H])[H])C(C2=C([H])C([H])=C([H])C([H])=C2[H])(C([H])([H])[H])C([H])([H])[H])N=C(N=NC2=C([H])C([H])=C([H])C3=NC(C4=C([H])C([N+](=O)[O-])=C([H])C([H])=C4Cl)=C([H])C([H])=C32)S1,c1ccc([*:2])cc1,[H]c1sc(/N=N\c2c([H])c([H])c([H])c3nc(Br)c([H])c([H])c23)nc1-c1c([H])c([H])c([H])c([H])c1Br,C[C@@H](NC(=S)NC(c1ccccc1)(c1ccccc1)[*:2])C(C)(C)[*:1],O=[N+]([O-])c1ccc(Cl)c([*:2])c1
[H]C1=NC2=C([H])C([H])=C([H])C(N=NC3=C([H])C([H])=C(OC4=C([H])C([H])=C(C([H])([H])N([N+](=O)[O-])C([H])([H])[H])C([H])=C4[H])C([H])=C3[H])=C2C([H])=C1C1=C([H])C([H])=C(N([H])C(=S)N([H])C(=O)C2=C([H])C([H])=C([H])C([H])=C2C(F)(F)F)C([H])=C1[H],FC(F)(F)[*:2],[H]c1nc2c([H])c([H])c([H])c(/N=N\c3c([H])c([H])c(Oc4c([H])c([H])c(Br)c([H])c4[H])c([H])c3[H])c2c([H])c1Br,O=C(NC(=S)Nc1ccc([*:2])cc1)c1ccccc1[*:1],CN(C[*:2])[N+](=O)[O-]
[H]C1=C([N+](=O)[O-])SC(N2C([H])=C([H])C([H])=C2N=NC2=C([H])C([H])=C([H])C([H])=C2C([H])(C2=C(N=C(C3=C([H])C([H])=C(OC([H])([H])[H])C([H])=C3[H])N([H])C(=O)N([H])C3=C([H])C([H])=C(Cl)C([H])=C3[H])C(C([H])(C([H])([H])[H])C([H])([H])[H])=C([H])C([H])=C2[H])C([H])([H])[H])=N1,C[*:2],[H]c1c([H])c([H])c(/N=N\c2c([H])c([H])c([H])n2Br)c(Br)c1[H],CC(C)c1cccc(C(C)[*:1])c1N=C(NC(=O)Nc1ccc(Cl)cc1)c1ccc(O[*:2])cc1,O=[N+]([O-])c1cnc([*:2])s1
[H]C1=NC(Cl)=C([H])C(N([H])C(=O)N([H])C2=C([H])C([H])=C(F)C(F)=C2C2=C([H])C([H])=C(N=NC3=C([H])C([H])=NN3C3=C([H])C([H])=C([N+](=O)[O-])C([H])=C3OC([H])([H])[H])C([H])=C2[H])=C1[H],Clc1cc([*:2])ccn1,[H]c1nn(Br)c(/N=N\c2c([H])c([H])c(Br)c([H])c2[H])c1[H],O=C(Nc1ccc(F)c(F)c1[*:1])N[*:2],COc1cc([N+](=O)[O-])ccc1[*:2]
[H]C1=NC(C([H])([H])SC([H])([H])N([H])C(=S)N([H])C([H])([H])C2=C([H])C(N([H])C3=C([H])C([H])=C([H])C([H])=C3[H])=C([H])C([H])=C2N=NC2=C([H])C([H])=C(C3=C([H])C([H])=C([H])C([H])=C3[N+](=O)[O-])C([H])=C2[H])=C([H])N1[H],c1nc(CSC[*:2])c[nH]1,[H]c1c([H])c([H])c(N([H])c2c([H])c([H])c(/N=N\c3c([H])c([H])c(Br)c([H])c3[H])c(Br)c2[H])c([H])c1[H],S=C(NC[*:2])N[*:1],O=[N+]([O-])c1ccccc1[*:2]
[H]C1=NC2=C([H])C([H])=C([H])C(N=NC3=C([H])C([H])=C(OC4=C([H])C([H])=C(C([H])([H])N([N+](=O)[O-])C([H])([H])[H])C([H])=C4[H])C([H])=C3[H])=C2C([H])=C1C1=C(C(=O)N([H])C(=S)N([H])C2=C([H])C([H])=C([H])C([H])=C2OC([H])([H])[H])C(C([H])([H])[H])=NN1C1=C([H])C([H])=C([H])C([H])=C1[H],CO[*:2],[H]c1nc2c([H])c([H])c([H])c(/N=N\c3c([H])c([H])c(Oc4c([H])c([H])c(Br)c([H])c4[H])c([H])c3[H])c2c([H])c1Br,Cc1nn(-c2ccccc2)c([*:1])c1C(=O)NC(=S)Nc1ccccc1[*:2],CN(C[*:2])[N+](=O)[O-]
[H]OC1=C([H])C([H])=C([N+](=O)[O-])C([H])=C1C1=C([H])C(=O)N(C2=C([H])C([H])=C(N=NC3=C([H])C([H])=C([H])C([H])=C3C([H])([H])C([H])([H])C([H])([H])C(=O)N([H])C(=S)N([H])C3=C([H])C([H])=C([H])C([H])=C3N([H])C(=S)N([H])C(=O)C([H])([H])C([H])([H])C([H])([H])C([H])([H])C([H])([H])C([H])([H])C([H])([H])[H])C([H])=C2[H])C1=O,CCCCC[*:2],[H]C1=C(Br)C(=O)N(c2c([H])c([H])c(/N=N\c3c([H])c([H])c([H])c([H])c3Br)c([H])c2[H])C1=O,O=C(CCC[*:1])NC(=S)Nc1ccccc1NC(=S)NC(=O)CC[*:2],O=[N+]([O-])c1ccc(O)c([*:2])c1
[H]C1=C([H])C([H])=C(N([H])C2=C([H])C([H])=C(N=NC3=C([H])C([H])=C([H])C(N([N+](=O)[O-])C([H])([H])[H])=C3[H])C(N([H])C(=S)N([H])C(=O)C3=C([H])C(OC4=C([H])C(F)=C([H])C([H])=C4[H])=C(OC([H])([H])[H])C(OC([H])([H])[H])=C3[H])=C2[H])C([H])=C1[H],Fc1cccc([*:2])c1,[H]c1c([H])c([H])c(N([H])c2c([H])c([H])c(/N=N\c3c([H])c([H])c([H])c(Br)c3[H])c(Br)c2[H])c([H])c1[H],COc1cc(C(=O)NC(=S)N[*:2])cc(O[*:1])c1OC,CN([N+](=O)[O-])[*:2]
[H]C1=C([H])C([H])=C(N([H])C(=O)OC([H])([H])C([H])(C2=C([H])C(N=NC3=C([H])C(C4=C([H])C([H])=C([N+](=O)[O-])C([H])=C4OC([H])([H])[H])=C(N4C([H])([H])C([H])([H])OC([H])([H])C4([H])[H])C([H])=C3[H])=C([H])C([H])=C2N2C([H])([H])C([H])([H])OC([H])([H])C2([H])[H])N([H])C(=O)N([H])C2=C([H])C([H])=C([H])C([H])=C2[H])C([H])=C1[H],c1ccc([*:2])cc1,[H]c1c([H])c(N2C([H])([H])C([H])([H])OC([H])([H])C2([H])[H])c(Br)c([H])c1/N=N\c1c([H])c([H])c(N2C([H])([H])C([H])([H])OC([H])([H])C2([H])[H])c(Br)c1[H],O=C(Nc1ccccc1)N[C@@H](COC(=O)N[*:2])[*:1],COc1cc([N+](=O)[O-])ccc1[*:2]
[H]C1=NC2=C([H])C([H])=C([H])C(N=NC3=NC4=C([H])C([H])=C([H])C(C5=C([H])C([N+](=O)[O-])=C([H])C([H])=C5N([H])C5([H])C([H])([H])C([H])([H])C([H])([H])C([H])([H])C5([H])[H])=C4N3[H])=C2C(C([H])(N([H])C(=S)N([H])C2=C([H])C([H])=C(Cl)C([H])=C2[H])C([H])([H])C2=C([H])C([H])=C([H])C([H])=C2[H])=C1[H],c1ccc([*:2])cc1,[H]c1nc2c([H])c([H])c([H])c(/N=N\c3nc4c([H])c([H])c([H])c(Br)c4n3[H])c2c(Br)c1[H],S=C(Nc1ccc(Cl)cc1)N[C@H](C[*:2])[*:1],O=[N+]([O-])c1ccc(NC2CCCCC2)c([*:2])c1
[H]C1=C([H])C(C([H])([H])C([H])(C([H])([H])[H])C([H])(C(=O)OC([H])([H])[H])N([H])S(=O)(=O)N([H])C([H])(C(=O)OC([H])([H])[H])C([H])(C([H])([H])[H])C([H])([H])C([H])([H])[H])=C([H])C([H])=C1N=NC1=C([H])N(C2=C([H])C([H])=C([N+](=O)[O-])C([H])=C2[H])C(=O)N([H])C1=O,C[*:2],[H]c1c([H])c(/N=N\c2c([H])n(Br)c(=O)n([H])c2=O)c([H])c([H])c1Br,COC(=O)[C@@H](NS(=O)(=O)N[C@H](C(=O)OC)[C@@H](C)C[*:2])[C@@H](C)C[*:1],O=[N+]([O-])c1ccc([*:2])cc1
[H]C(=NC1=NC([H])=C([H])C([H])=C1[H])C1=C([H])C([H])=C(C2=C([H])C([H])=C(OC([H])([H])[H])C([H])=C2[N+](=O)[O-])C(N=NC2=C([H])C([H])=C([H])C(C(N([H])C(=S)N([H])C(C([H])([H])[H])(C([H])([H])[H])C([H])([H])[H])(C([H])([H])[H])C([H])([H])[H])=C2[H])=C1[H],C[*:2],[H]/C(=N\c1nc([H])c([H])c([H])c1[H])c1c([H])c([H])c(Br)c(/N=N\c2c([H])c([H])c([H])c(Br)c2[H])c1[H],CC(C)(NC(=S)NC(C)(C)[*:2])[*:1],COc1ccc([*:2])c([N+](=O)[O-])c1
[H]C1=NC2=C([H])C([N+](=O)[O-])=C([H])C(N=NC3=C([H])C([H])=C(OC4=C([H])C([H])=C(OC(=O)N([H])C(=S)N([H])C(=O)OC(C([H])([H])[H])(C([H])([H])[H])C([H])([H])[H])C([H])=C4[H])C([H])=C3[H])=C2C([H])=C1[H],CC(C)(C)[*:2],[H]c1nc2c([H])c(Br)c([H])c(/N=N\c3c([H])c([H])c(Oc4c([H])c([H])c(Br)c([H])c4[H])c([H])c3[H])c2c([H])c1[H],O=C(NC(=S)NC(=O)O[*:2])O[*:1],O=[N+]([O-])[*:2]
[H]C(=NC1=NC([H])=C([H])C([H])=C1[H])C1=C([H])C(C2=C(C3=C([H])C([H])=C([H])C([N+](=O)[O-])=C3[H])C(C(=O)OC([H])([H])C([H])([H])[H])=C(N([H])[H])S2)=C([H])C(N=NC2=C([H])C([H])=C(C(=O)N([H])C(=S)N([H])C3=C([H])C([H])=C([H])C(C([H])([H])C([H])([H])[H])=C3[H])C([H])=C2[H])=C1[H],CC[*:2],[H]/C(=N\c1nc([H])c([H])c([H])c1[H])c1c([H])c(Br)c([H])c(/N=N\c2c([H])c([H])c(Br)c([H])c2[H])c1[H],O=C(NC(=S)Nc1cccc([*:2])c1)[*:1],CCOC(=O)c1c(N)sc([*:2])c1-c1cccc([N+](=O)[O-])c1
[H]C1=NC([N+](=O)[O-])=C(N=NC2=C([H])ON=C2C2(C([H])([H])[H])C([H])([H])C([H])(N([H])C(=S)N([H])C3=C([H])C([H])=C([H])C([H])=C3[H])C([H])([H])C(C([H])([H])[H])(C([H])([H])N([H])C(=S)N([H])C3=C([H])C([H])=C([H])C([H])=C3[H])C2([H])[H])C([H])=C1[H],c1ccc([*:2])cc1,[H]c1nc(Br)c(/N=N\c2c(Br)noc2[H])c([H])c1[H],CC1([*:1])C[C@@H](NC(=S)N[*:2])C[C@@](C)(CNC(=S)Nc2ccccc2)C1,O=[N+]([O-])[*:2]
[H]C(=NC1=NC([H])=C([H])C([H])=C1N([N+](=O)[O-])C([H])([H])[H])C1=C([H])C([H])=C([H])C(N=NC2=C([H])C([H])=C([H])C(N([H])C(=O)C3=C([H])C(N([H])C(=O)N([H])C4=C([H])C([H])=C(OC([H])([H])[H])C(C(=O)N([H])C([H])([H])C([H])([H])[H])=C4[H])=C([H])C([H])=C3OC([H])([H])[H])=C2[H])=C1[H],CO[*:2],[H]/C(=N\c1nc([H])c([H])c([H])c1Br)c1c([H])c([H])c([H])c(/N=N\c2c([H])c([H])c([H])c(Br)c2[H])c1[H],CCNC(=O)c1cc(NC(=O)Nc2ccc(OC)c(C(=O)N[*:1])c2)ccc1[*:2],CN([N+](=O)[O-])[*:2]
[H]C(=NC1=C([H])C([H])=C([H])C([H])=C1N1C([H])=NC([H])=C1N=NC1=C([H])C([H])=C(N([H])C(=O)N([H])C2=C3N=C([H])N([H])C3=C([H])C([H])=C2[H])C([H])=C1[H])C1=C([H])C([H])=C([N+](=O)[O-])C([H])=C1[H],c1cc([*:2])c2nc[nH]c2c1,[H]c1nc([H])n(Br)c1/N=N\c1c([H])c([H])c(Br)c([H])c1[H],O=C(N[*:1])N[*:2],O=[N+]([O-])c1ccc(C=Nc2ccccc2[*:2])cc1
[H]C1=NC([N+](=O)[O-])=C([H])C([H])=C1N=NC1=C([H])C([H])=C(C2=C([H])C([H])=C([H])C([H])=C2N([H])C(=S)N([H])C(=O)OOC([H])([H])[H])C([H])=C1[H],CO[*:2],[H]c1nc(Br)c([H])c([H])c1/N=N\c1c([H])c([H])c(Br)c([H])c1[H],O=C(NC(=S)Nc1ccccc1[*:2])O[*:1],O=[N+]([O-])[*:2]
[H]C1=NC(C2=C([H])N([H])N=C2N=NC2=C([H])C([H])=C([H])C([H])=C2C([H])([H])SC([H])([H])C([H])([H])N([H])C(=O)N([H])C2=C([H])C([H])=C(C([H])([H])N(C([H])([H])[H])C([H])([H])[H])O2)=C([H])C([H])=C1[N+](=O)[O-],CN(C)Cc1ccc([*:2])o1,[H]c1c([H])c([H])c(/N=N\c2nn([H])c([H])c2Br)c(Br)c1[H],O=C(NCCSC[*:2])N[*:1],O=[N+]([O-])c1ccc([*:2])nc1
[H]C(=NC1=NC([H])=C([H])C([H])=C1[H])C1=C([H])C(C2=C(C3=C([H])C([H])=C([H])C([N+](=O)[O-])=C3[H])C(C(=O)OC([H])([H])C([H])([H])[H])=C(N([H])[H])S2)=C([H])C(N=NC2=C([H])C([H])=C([H])C(C([H])(C3=C(N([H])C(=S)N([H])C(=O)C4=C([H])C([H])=C(C(C([H])([H])[H])(C([H])([H])[H])C([H])([H])[H])C([H])=C4[H])C(C([H])(C([H])([H])[H])C([H])([H])[H])=C([H])C([H])=C3[H])C([H])([H])[H])=C2[H])=C1[H],CC(C)(C)[*:2],[H]/C(=N\c1nc([H])c([H])c([H])c1[H])c1c([H])c(Br)c([H])c(/N=N\c2c([H])c([H])c([H])c(Br)c2[H])c1[H],CC(C)c1cccc(C(C)[*:1])c1NC(=S)NC(=O)c1ccc([*:2])cc1,CCOC(=O)c1c(N)sc([*:2])c1-c1cccc([N+](=O)[O-])c1
[H]C(=NC1=C([H])C([H])=C([H])C([H])=C1[H])C1=C([H])C([H])=C(C2=C([H])C([H])=C([N+](=O)[O-])C([H])=[N+]2[O-])C(N=NC2=C([H])C([H])=C(C3=C([H])C(N([H])C(=O)N([H])C4=C([H])C(I)=C([H])C([H])=C4[H])=C([H])C([H])=C3[H])C([H])=C2[H])=C1[H],Ic1cccc([*:2])c1,[H]/C(=N\c1c([H])c([H])c([H])c([H])c1[H])c1c([H])c([H])c(Br)c(/N=N\c2c([H])c([H])c(Br)c([H])c2[H])c1[H],O=C(Nc1cccc([*:1])c1)N[*:2],O=[N+]([O-])c1ccc([*:2])[n+]([O-])c1
[H]C1=C([H])C([H])=C(C(=O)N([H])C(=S)N([H])C2=NC(C([H])([H])[H])=C([H])C(C3=C([H])C([H])=C4C(=N3)C([H])=C([H])C([H])=C4N=NC3=C([H])C([H])=C([H])C(C([H])([H])N([N+](=O)[O-])C([H])([H])[H])=C3[H])=N2)S1,c1csc([*:2])c1,[H]c1c([H])c(Br)c([H])c(/N=N\c2c([H])c([H])c([H])c3nc(Br)c([H])c([H])c23)c1[H],Cc1cc([*:1])nc(NC(=S)NC(=O)[*:2])n1,CN(C[*:2])[N+](=O)[O-]
[H]OC1=C([H])C([H])=C([N+](=O)[O-])C([H])=C1C#CC1=C2N=C([H])C([H])=C([H])C2=C(N=NC2=C([H])C([H])=C(OC3=C([H])C([H])=C([H])C(C([H])(C([H])(C(=O)OC([H])([H])[H])N([H])S(=O)(=O)N([H])C([H])(C(=O)OC([H])([H])[H])C([H])(C([H])([H])[H])C([H])([H])C([H])([H])[H])C([H])([H])C([H])([H])[H])=C3[H])C([H])=C2[H])C([H])=C1[H],C[*:2],[H]c1nc2c(Br)c([H])c([H])c(/N=N\c3c([H])c([H])c(Oc4c([H])c([H])c([H])c(Br)c4[H])c([H])c3[H])c2c([H])c1[H],CC[C@H]([C@H](NS(=O)(=O)N[C@H](C(=O)OC)[C@H](CC)[*:2])C(=O)OC)[*:1],O=[N+]([O-])c1ccc(O)c(C#C[*:2])c1
[H]C1=C([N+](=O)[O-])SC(C2=C([H])C([H])=C3SC(N=NC4=NC5=C([H])C(N([H])C(=S)N([H])C6=C([H])C([H])=C([H])C([H])=C6Br)=C([H])C([H])=C5S4)=NC3=C2[H])=N1,Brc1ccccc1[*:2],[H]c1c(Br)c([H])c2nc(/N=N\c3nc4c([H])c(Br)c([H])c([H])c4s3)sc2c1[H],S=C(N[*:1])N[*:2],O=[N+]([O-])c1cnc([*:2])s1
[H]C1=C([H])C([H])=C(C(=O)N([H])C(=S)N([H])C2=C([H])C(Cl)=C([H])C([H])=C2[H])C(N=NC2=C([H])C([H])=C([H])C(C3=C([H])C([H])=C([N+](=O)[O-])C([H])=C3OC([H])([H])[H])=C2[H])=C1[H],Clc1cccc([*:2])c1,[H]c1c([H])c([H])c(/N=N\c2c([H])c([H])c([H])c(Br)c2[H])c(Br)c1[H],O=C(NC(=S)N[*:1])[*:2],COc1cc([N+](=O)[O-])ccc1[*:2]
[H]C1=C([H])C(N([N+](=O)[O-])C([H])([H])[H])=C2SC(N=NC3=NC4=C(C([H])(N([H])C(=O)N([H])C([H])(C(=O)OC([H])([H])[H])C([H])([H])[H])C([H])([H])[H])C([H])=C([H])C([H])=C4S3)=NC2=C1[H],COC(=O)[C@H](C)[*:2],[H]c1c([H])c(Br)c2sc(/N=N\c3nc4c(Br)c([H])c([H])c([H])c4s3)nc2c1[H],C[C@@H](NC(=O)N[*:2])[*:1],CN([N+](=O)[O-])[*:2]
[H]OC1=C([H])C([H])=C([N+](=O)[O-])C([H])=C1C#CC1=C([H])C([H])=C([H])C([H])=C1N=NC1=C(C2=NC(N([H])C(=O)N([H])S(=O)(=O)OC([H])([H])[H])=NC(OC([H])([H])[H])=C2[H])C([H])=NN1[H],CO[*:2],[H]c1nn([H])c(/N=N\c2c([H])c([H])c([H])c([H])c2Br)c1Br,COc1cc([*:2])nc(NC(=O)NS(=O)(=O)[*:1])n1,O=[N+]([O-])c1ccc(O)c(C#C[*:2])c1
[H]C1=C([H])C([H])=C(N([H])C(=S)N([H])C(=O)C([H])([H])C([H])([H])C([H])([H])C([H])([H])C([H])([H])C([H])([H])C([H])([H])[H])C(N([H])C(=S)N([H])C(=O)C([H])([H])C([H])([H])C([H])([H])C([H])([H])C([H])([H])C([H])([H])C2=C([H])C(N3C([H])([H])C([H])([H])C([H])([H])C([H])([H])C3([H])[H])=C([H])C([H])=C2N=NC2=C([H])C([H])=C([H])C(C3=C(C4=C([H])C([H])=C([H])C([N+](=O)[O-])=C4[H])C(C(=O)OC([H])([H])C([H])([H])[H])=C(N([H])[H])S3)=C2[H])=C1[H],CCC[*:2],[H]c1c([H])c(Br)c([H])c(/N=N\c2c([H])c([H])c(N3C([H])([H])C([H])([H])C([H])([H])C([H])([H])C3([H])[H])c([H])c2Br)c1[H],O=C(CCCCCC[*:1])NC(=S)Nc1ccccc1NC(=S)NC(=O)CCCC[*:2],CCOC(=O)c1c(N)sc([*:2])c1-c1cccc([N+](=O)[O-])c1
[H]C(=NC1=NC([H])=C([H])C(C2=NC([H])=C([N+](=O)[O-])S2)=C1[H])C1=C([H])C(C([H])([H])C(=O)N([H])C(=O)N([H])C([H])([H])C([H])([H])C([H])(C([H])([H])[H])C([H])([H])[H])=C([H])C(N=NC2=C([H])C([H])=C([H])C([H])=C2[H])=C1[H],CC(C)C[*:2],[H]/C(=N\c1nc([H])c([H])c(Br)c1[H])c1c([H])c(Br)c([H])c(/N=N\c2c([H])c([H])c([H])c([H])c2[H])c1[H],O=C(C[*:2])NC(=O)NC[*:1],O=[N+]([O-])c1cnc([*:2])s1
[H]C1=NC2=C([H])C([H])=C(N([N+](=O)[O-])C([H])([H])[H])C(N=NC3=NC4=C(N=C(C5=C([H])C([H])=C([H])C([H])=C5[H])N([H])C(=S)N([H])C5=C([H])C([H])=C(C6=C([H])C([H])=C(C([H])([H])[H])C([H])=C6[H])C([H])=C5[H])C([H])=C([H])C([H])=C4N3[H])=C2C([H])=C1[H],Cc1ccc([*:2])cc1,[H]c1nc2c([H])c([H])c(Br)c(/N=N\c3nc4c(Br)c([H])c([H])c([H])c4n3[H])c2c([H])c1[H],S=C(NC(=N[*:2])c1ccccc1)Nc1ccc([*:1])cc1,CN([N+](=O)[O-])[*:2]
[H]C1=C([H])N(OC2=C([H])C([H])=C(N([H])C(=O)N([H])C3=C([H])C([H])=C(OC([H])([H])[H])C([H])=C3[H])C([H])=C2[H])C(N=NC2=C([H])C([H])=C([H])C(C3=C([H])C([H])=C(OC([H])([H])[H])C([H])=C3[N+](=O)[O-])=C2[H])=N1,CO[*:2],[H]c1nc(/N=N\c2c([H])c([H])c([H])c(Br)c2[H])n(Br)c1[H],O=C(Nc1ccc(O[*:1])cc1)Nc1ccc([*:2])cc1,COc1ccc([*:2])c([N+](=O)[O-])c1
[H]C1=C([H])C([H])=C(C([H])([H])C([H])([H])C(=O)N([H])C(=S)N([H])C2=C([H])C(OC([H])([H])[H])=C([H])C([H])=C2OC([H])([H])[H])C(N=NC2=NC3=C([H])C([H])=C([H])C(C4=C([H])C([H])=C([N+](=O)[O-])C([H])=C4[H])=C3S2)=C1[H],COc1ccc(OC)c([*:2])c1,[H]c1c([H])c([H])c(/N=N\c2nc3c([H])c([H])c([H])c(Br)c3s2)c(Br)c1[H],O=C(CC[*:1])NC(=S)N[*:2],O=[N+]([O-])c1ccc([*:2])cc1
[H]C1=NN(C2=C([H])C([H])=C([N+](=O)[O-])C([H])=C2[H])C(N=NC2=C(C3([H])C([H])([H])C([H])([H])C([H])([H])C([H])([H])C3([H])N([H])C(=S)N([H])C3=C([H])C(N([H])C(=O)C4=C([H])C(C(F)(F)F)=C([H])C(C(F)(F)F)=C4[H])=C([H])C(C(F)(F)F)=C3[H])C([H])=NN2[H])=C1[H],O=C(N[*:2])c1cc(C(F)(F)F)cc(C(F)(F)F)c1,[H]c1nn(Br)c(/N=N\c2c(Br)c([H])nn2[H])c1[H],FC(F)(F)c1cc(NC(=S)N[C@@H]2CCCC[C@H]2[*:2])cc([*:1])c1,O=[N+]([O-])c1ccc([*:2])cc1
[H]C1=C([H])C(C2=C([H])C([N+](=O)[O-])=C([H])C([H])=C2N([H])C2([H])C([H])([H])C([H])([H])C([H])([H])C([H])([H])C2([H])[H])=C2C(=C1[H])C(N=NC1=NN=C(N([H])C(=O)N([H])C([H])(N([H])C(=O)C([H])([H])[H])C([H])(C([H])([H])[H])C([H])([H])[H])S1)=C([H])N2[H],CC(=O)N[C@@H](C(C)C)[*:2],[H]c1c([H])c(Br)c2c(c1[H])c(/N=N/c1nnc(Br)s1)c([H])n2[H],O=C(N[*:1])N[*:2],O=[N+]([O-])c1ccc(NC2CCCCC2)c([*:2])c1
[H]C1=C([H])C(C([H])([H])N([H])C(=O)N([H])C2=C([H])C(C(F)(F)F)=C([H])C([H])=C2OC([H])([H])C([H])(N([H])C(=S)N([H])C([H])([H])C([H])([H])[H])C(C([H])([H])[H])(C([H])([H])[H])C([H])([H])[H])=C([H])C([H])=C1N=NC1=NC2=C([H])C(C([H])([H])N([N+](=O)[O-])C([H])([H])[H])=C([H])C([H])=C2S1,CC[*:2],[H]c1c([H])c(/N=N\c2nc3c([H])c(Br)c([H])c([H])c3s2)c([H])c([H])c1Br,CC(C)(C)[C@@H](COc1ccc(C(F)(F)F)cc1NC(=O)NC[*:1])NC(=S)N[*:2],CN(C[*:2])[N+](=O)[O-]
[H]OC1=C([H])C([H])=C([H])C([H])=C1C(=O)N([H])N=C(N(C1=C([H])C([H])=C([H])C([H])=C1[H])C1=C([H])C([H])=C([H])C([H])=C1[H])C(N([H])C(=O)N([H])C1=C([H])C([H])=C(C2=C([H])SC(N=NC3=C4C([H])=C([H])C([H])=NC4=C([H])C(C4=C([H])C([H])=C([H])C([H])=C4N=C([H])C4=C([H])C([H])=C([N+](=O)[O-])C([H])=C4[H])=C3[H])=N2)C([H])=C1[H])(C([H])([H])[H])C([H])([H])[H],c1ccc([*:2])cc1,[H]c1nc2c([H])c(Br)c([H])c(/N=N\c3nc(-c4c([H])c([H])c(Br)c([H])c4[H])c([H])s3)c2c([H])c1[H],CC(C)(NC(=O)N[*:2])C(=NNC(=O)c1ccccc1O)N(c1ccccc1)[*:1],O=[N+]([O-])c1ccc(C=Nc2ccccc2[*:2])cc1
[H]OC([H])([H])C([H])(N([H])C(=S)N([H])C(=O)C1=C([H])C([H])=C(C2=C([H])C([H])=C([H])C([H])=C2[H])C([H])=C1[H])C([H])([H])C1=C([H])C([H])=C([H])C([H])=C1N=NC1=C(C2=C([H])C([H])=C([N+](=O)[O-])C([H])=N2)N([H])C(=O)N([H])C1=O,c1ccc([*:2])cc1,[H]c1c([H])c([H])c(/N=N\c2c(Br)n([H])c(=O)n([H])c2=O)c(Br)c1[H],O=C(NC(=S)N[C@@H](CO)C[*:2])c1ccc([*:1])cc1,O=[N+]([O-])c1ccc([*:2])nc1
[H]C1=C(N=NC2=C([H])C([H])=C([H])C([H])=C2C2=C([H])C([H])=C(OC([H])([H])[H])C([H])=C2N([H])C(=S)N([H])C(=O)C([H])([H])OC([H])([H])[H])SC(C2=C([H])C([H])=C([N+](=O)[O-])C([H])=C2Cl)=C1[H],CO[*:2],[H]c1c(Br)sc(/N=N\c2c([H])c([H])c([H])c([H])c2Br)c1[H],COc1ccc([*:2])c(NC(=S)NC(=O)C[*:1])c1,O=[N+]([O-])c1ccc([*:2])c(Cl)c1
[H]C1=NOC(C2=C([H])C([H])=C([N+](=O)[O-])C([H])=C2Cl)=C1N=NC1=C([H])C([H])=C([H])C2=C([H])C([H])=C(N([H])C(=O)N([H])C3=NC(N([H])C(=O)N([H])C([H])([H])C([H])([H])[H])=C([H])C([H])=C3[H])C([H])=C12,CCNC(=O)Nc1cccc([*:2])n1,[H]c1noc(Br)c1/N=N\c1c([H])c([H])c([H])c2c([H])c([H])c(Br)c([H])c12,O=C(N[*:1])N[*:2],O=[N+]([O-])c1ccc([*:2])c(Cl)c1
[H]OC1=C([H])C([H])=C([N+](=O)[O-])C([H])=C1C1=C([H])C(N=NC2=C([H])C([H])=C([H])C([H])=C2C2=NC(N([H])C(=S)N([H])C(=O)C3=C([H])C([H])=C(C4=C([H])C([H])=C(Cl)C([H])=C4C(F)(F)F)O3)=NC(C([H])([H])[H])=C2[H])=NN1[H],FC(F)(F)c1cc(Cl)ccc1[*:2],[H]c1c([H])c([H])c(/N=N\c2nn([H])c(Br)c2[H])c(Br)c1[H],Cc1cc([*:1])nc(NC(=S)NC(=O)c2ccc([*:2])o2)n1,O=[N+]([O-])c1ccc(O)c([*:2])c1
[H]C(=NC1=NC([H])=C([H])C(C2=C([H])C([H])=C([N+](=O)[O-])C([H])=N2)=C1[H])C1=C([H])C(C([H])(C2=C([H])C([H])=C([H])C(C([H])(C([H])([H])[H])C([H])([H])[H])=C2N([H])C(=S)N([H])C(=O)C2=C([H])C([H])=C([H])C([H])=C2[H])C([H])([H])[H])=C([H])C(N=NC2=C([H])C([H])=C([H])C([H])=C2[H])=C1[H],C[*:2],[H]/C(=N\c1nc([H])c([H])c(Br)c1[H])c1c([H])c(Br)c([H])c(/N=N\c2c([H])c([H])c([H])c([H])c2[H])c1[H],CC(c1cccc(C(C)[*:2])c1NC(=S)NC(=O)c1ccccc1)[*:1],O=[N+]([O-])c1ccc([*:2])nc1
[H]C1=NC(C2=C([H])C([H])=C3N=C(N=NC4=C([H])C([H])=C([H])C5=NC(N([H])C(=S)N([H])C([H])([H])C6(C([H])([H])[H])C([H])([H])C([H])([H])C([H])([H])C7(C8([H])C([H])([H])C([H])([H])C([H])([H])C([H])([H])C8([H])N([H])[H])C8=C([H])C([H])=C(C([H])(C([H])([H])[H])C([H])([H])[H])C([H])=C8C([H])([H])C([H])([H])C76[H])=C([H])C([H])=C54)SC3=C2[H])=C([H])C([H])=C1[N+](=O)[O-],N[C@H]1CCCC[C@H]1[*:2],[H]c1c(Br)c([H])c2sc(/N=N\c3c([H])c([H])c([H])c4nc(Br)c([H])c([H])c34)nc2c1[H],CC(C)c1ccc2c(c1)CCC1[C@](C)(CNC(=S)N[*:2])CCC[C@@]21[*:1],O=[N+]([O-])c1ccc([*:2])nc1
[H]C1=NC([H])=C(N=NC2=C([H])ON=C2C2=C([H])C([H])=C([N+](=O)[O-])C([H])=C2OC([H])([H])[H])C(N([H])C(=S)N([H])C(=O)C2=C([H])C([H])=C(OC3=C([H])C([H])=C([H])C([H])=C3Cl)C([H])=C2[H])=C1[H],Clc1ccccc1[*:2],[H]c1nc([H])c(/N=N\c2c(Br)noc2[H])c(Br)c1[H],O=C(NC(=S)N[*:2])c1ccc(O[*:1])cc1,COc1cc([N+](=O)[O-])ccc1[*:2]
[H]C1=C([H])C(C([H])([H])N([N+](=O)[O-])C([H])([H])[H])=C2C(N=NC3=NN=C(C4=C([H])C([H])=C(N([H])C(=O)N([H])C5=C([H])C([H])=C6C(=N5)N([H])C(=O)C([H])=C6C([H])([H])C([H])([H])C([H])([H])C([H])([H])[H])C([H])=C4[H])S3)=C([H])N([H])C2=C1[H],CCCCc1cc(=O)[nH]c2nc([*:2])ccc12,[H]c1c([H])c([H])c2c(c1Br)c(/N=N/c1nnc(Br)s1)c([H])n2[H],O=C(Nc1ccc([*:1])cc1)N[*:2],CN(C[*:2])[N+](=O)[O-]
[H]C1=NC2=C([H])C([H])=C(C3=C([H])C([H])=C([H])C([H])=C3[N+](=O)[O-])C(N=NC3=C([H])C([H])=C([H])C([H])=C3C([H])(N([H])C(=S)N([H])C([H])([H])[H])P(=O)(OC3=C([H])C([H])=C([H])C([H])=C3[H])OC3=C([H])C([H])=C([H])C([H])=C3[H])=C2C([H])=C1[H],c1ccc([*:2])cc1,[H]c1nc2c([H])c([H])c(Br)c(/N=N\c3c([H])c([H])c([H])c([H])c3Br)c2c([H])c1[H],CNC(=S)N[C@H](P(=O)(Oc1ccccc1)O[*:2])[*:1],O=[N+]([O-])c1ccccc1[*:2]
[H]C1=NC(C2=C(N=NC3=C([H])C([H])=C(C(N([H])C(=O)N([H])C(C([H])([H])[H])(C([H])([H])C([H])([H])C([H])=C(C([H])([H])[H])C([H])([H])[H])C4([H])C([H])([H])C([H])=C(C([H])([H])[H])C([H])([H])C4([H])[H])(C([H])([H])[H])C([H])([H])C([H])([H])C([H])=C(C([H])([H])[H])C([H])([H])[H])C([H])=C3[H])N([H])C([H])=N2)=C([H])C([H])=C1[N+](=O)[O-],CC1=CC[C@H]([*:2])CC1,[H]c1c([H])c(/N=N\c2c(Br)nc([H])n2[H])c([H])c([H])c1Br,CC(C)=CCC[C@@](C)(NC(=O)N[C@@](C)(CCC=C(C)C)[*:2])[*:1],O=[N+]([O-])c1ccc([*:2])nc1
[H]C1=C([H])C([H])=C(N=NC2=C([H])C([H])=C(OC3=C([H])C([H])=C(C4=C([H])C(C([H])([H])C([H])([H])N([H])C(=O)N([H])C([H])([H])C([H])([H])C5=C([H])C([H])=C(OC([H])([H])[H])C(OOC([H])([H])[H])=C5[H])=C([H])C([H])=C4OC([H])([H])[H])C([H])=C3[H])C([H])=C2[H])C2=C([H])C([H])=C(C3=C([H])C([N+](=O)[O-])=C([H])C([H])=C3Cl)N=C12,CO[*:2],[H]c1c([H])c(Oc2c([H])c([H])c(/N=N\c3c([H])c([H])c([H])c4nc(Br)c([H])c([H])c34)c([H])c2[H])c([H])c([H])c1Br,COc1ccc(CCNC(=O)NCCc2ccc(OC)c([*:2])c2)cc1O[*:1],O=[N+]([O-])c1ccc(Cl)c([*:2])c1
[H]OC([H])([H])C([H])([H])C1=C([H])C([H])=C(N([H])C(=O)N([H])C2=C([H])C(OC3=C([H])C([H])=C(N=NC4=C(C5=C([H])C([H])=C([H])C([H])=C5N=C([H])C5=C([H])C([H])=C([N+](=O)[O-])C([H])=C5[H])N=C([H])N4[H])C([H])=C3[H])=C([H])C([H])=C2OC([H])([H])[H])C([H])=C1[H],OCCc1ccc([*:2])cc1,[H]c1c([H])c(/N=N\c2c(Br)nc([H])n2[H])c([H])c([H])c1Br,COc1ccc(O[*:1])cc1NC(=O)N[*:2],O=[N+]([O-])c1ccc(C=Nc2ccccc2[*:2])cc1
[H]C1=C([H])C(C([H])([H])N([H])C(=O)C2=C([H])C(N([H])C(=O)N([H])C3=C([H])C([H])=C(OC([H])([H])[H])C(C(=O)N([H])C([H])([H])C([H])([H])[H])=C3[H])=C([H])C([H])=C2OC([H])([H])[H])=C([H])C([H])=C1N=NC1=NC2=C([H])C(C3=C([H])C([N+](=O)[O-])=C([H])C([H])=C3Cl)=C([H])C([H])=C2S1,C[*:2],[H]c1c([H])c(/N=N\c2nc3c([H])c(Br)c([H])c([H])c3s2)c([H])c([H])c1Br,CCNC(=O)c1cc(NC(=O)Nc2ccc(OC)c(C(=O)NC[*:1])c2)ccc1O[*:2],O=[N+]([O-])c1ccc(Cl)c([*:2])c1
[H]C1=NC2=C([H])C([H])=C([H])C(N=NC3=C([H])C([H])=C(C4=C([H])C([H])=C([N+](=O)[O-])C([H])=[N+]4[O-])C([H])=C3[H])=C2C(S(=O)(=O)N([H])C(=O)N([H])C2=NC(OC([H])([H])[H])=C([H])C(Cl)=N2)=C1[H],COc1cc(Cl)nc([*:2])n1,[H]c1nc2c([H])c([H])c([H])c(/N=N\c3c([H])c([H])c(Br)c([H])c3[H])c2c(Br)c1[H],O=C(NS(=O)(=O)[*:1])N[*:2],O=[N+]([O-])c1ccc([*:2])[n+]([O-])c1
[H]OC1=C([H])C([H])=C([N+](=O)[O-])C([H])=C1C#CC1=C([H])C([H])=C([H])C([H])=C1C1=C([H])C(N=NC2=NC(C3=C([H])C([H])=C([H])C([H])=C3C([H])([H])C([H])([H])N([H])C(=S)N([H])C([H])([H])SC([H])([H])C3=C([H])C([H])=C([H])C([H])=N3)=C([H])S2)=C2C([H])=C([H])C([H])=NC2=C1[H],c1ccc(CS[*:2])nc1,[H]c1nc2c([H])c(Br)c([H])c(/N=N\c3nc(-c4c([H])c([H])c([H])c([H])c4Br)c([H])s3)c2c([H])c1[H],S=C(NCC[*:2])NC[*:1],O=[N+]([O-])c1ccc(O)c(C#Cc2ccccc2[*:2])c1
[H]C1=C([H])C2=C(N=NC3=NC4=C([H])C([H])=C([H])C([H])=C4N3C([H])([H])N([N+](=O)[O-])C([H])([H])[H])C([H])=C([H])C([H])=C2N=C1C1=C(C2=C3C([H])=C([H])C([H])=C([H])C3=C([H])C([H])=C2N([H])C(=S)N([H])P(C2=C([H])C([H])=C([H])C([H])=C2[H])C2=C([H])C([H])=C([H])C([H])=C2[H])C2=C([H])C([H])=C([H])C([H])=C2C([H])=C1[H],c1ccc(P(c2ccccc2)[*:2])cc1,[H]c1c([H])c(/N=N\c2nc3c([H])c([H])c([H])c([H])c3n2Br)c2c([H])c([H])c(Br)nc2c1[H],S=C(Nc1ccc2ccccc2c1-c1c([*:2])ccc2ccccc12)N[*:1],CN(C[*:2])[N+](=O)[O-]
[H]C1=NC2=C(C3=C(C4=C([H])C([H])=C([H])C([N+](=O)[O-])=C4[H])C(C(=O)OC([H])([H])C([H])([H])[H])=C(N([H])[H])S3)C([H])=C([H])C(N=NC3=NC4=C([H])C(N5C(=O)N(C([H])([H])[H])C(=O)N(C([H])([H])[H])P5(=O)N(C([H])([H])C([H])([H])Cl)C([H])([H])C([H])([H])Cl)=C([H])C([H])=C4S3)=C2C([H])=C1[H],C[*:2],[H]c1nc2c(Br)c([H])c([H])c(/N=N\c3nc4c([H])c(Br)c([H])c([H])c4s3)c2c([H])c1[H],CN1C(=O)N([*:1])P(=O)(N(CCCl)CCCl)N([*:2])C1=O,CCOC(=O)c1c(N)sc([*:2])c1-c1cccc([N+](=O)[O-])c1
[H]C1=NC(C2=C([H])C([H])=C([N+](=O)[O-])C([H])=C2[H])=C([H])C([H])=C1N=NC1=C([H])C([H])=C(N([H])C(=S)N([H])C(=O)OC2=C([H])C([H])=C([H])C([H])=C2OC([H])([H])[H])C([H])=C1[H],COc1ccccc1[*:2],[H]c1nc(Br)c([H])c([H])c1/N=N\c1c([H])c([H])c(Br)c([H])c1[H],O=C(NC(=S)N[*:2])O[*:1],O=[N+]([O-])c1ccc([*:2])cc1
[H]C1=C([H])C([N+](=O)[O-])=C([H])C(N=NC2=C(N([H])C(=O)N([H])C3=NN(C([H])([H])[H])C(C(C4=C([H])C([H])=C(Cl)C([H])=C4[H])(C([H])([H])[H])C([H])([H])[H])=C3[H])N([H])C([H])=C2[H])=C1[H],Clc1ccc([*:2])cc1,[H]c1c([H])c(Br)c([H])c(/N=N\c2c([H])c([H])n([H])c2Br)c1[H],Cn1nc(NC(=O)N[*:2])cc1C(C)(C)[*:1],O=[N+]([O-])[*:2]
[H]C1=C([H])C([H])=C(N([H])C2=C([H])C([H])=C(N=NC3=C([H])C([H])=C([H])C(C4=C([H])C([H])=C([N+](=O)[O-])C([H])=C4OC([H])([H])[H])=C3[H])C(N(C3=C([H])C([H])=C(N=NC4=C([H])C([H])=C(S(=O)(=O)N([H])C(=O)N([H])C5([H])C([H])([H])C([H])([H])C([H])([H])C([H])([H])C5([H])[H])C([H])=C4[H])C([H])=C3[H])C([H])([H])C([H])([H])C([H])([H])[H])=C2[H])C([H])=C1[H],CC[*:2],[H]c1c([H])c([H])c(N([H])c2c([H])c([H])c(/N=N\c3c([H])c([H])c([H])c(Br)c3[H])c(Br)c2[H])c([H])c1[H],O=C(NC1CCCCC1)NS(=O)(=O)c1ccc(N=Nc2ccc(N(C[*:1])[*:2])cc2)cc1,COc1cc([N+](=O)[O-])ccc1[*:2]
[H]C1=C([H])C([H])=C(C(=O)N([H])C(=S)N([H])C2=C([H])C(C#N)=NN2C2=C(Cl)C([H])=C(C(F)(F)F)C([H])=C2Cl)C(N=NC2=C([H])N(C3=C(C4=C([H])C([H])=C([H])C([N+](=O)[O-])=C4[H])C(C(=O)OC([H])([H])C([H])([H])[H])=C(N([H])[H])S3)C(=O)N([H])C2=O)=C1[H],FC(F)(F)[*:2],[H]c1c([H])c([H])c(/N=N\c2c([H])n(Br)c(=O)n([H])c2=O)c(Br)c1[H],N#Cc1cc(NC(=S)NC(=O)[*:1])n(-c2c(Cl)cc([*:2])cc2Cl)n1,CCOC(=O)c1c(N)sc([*:2])c1-c1cccc([N+](=O)[O-])c1
